[Header],,,,,,,
Local Run Manager Analysis Id,58058,,,,,,
Experiment Name,Hangul_diet_,,,,,,
Date,04-02-2023,,,,,,
Module,GenerateFASTQ - 3.0.1,,,,,,
Workflow,GenerateFASTQ,,,,,,
Library Prep Kit,Custom,,,,,,
Index Kit,Custom,,,,,,
Description,04-02-2023,,,,,,
Chemistry,Amplicon,,,,,,
,,,,,,,
[Reads],,,,,,,
145,,,,,,,
153,,,,,,,
,,,,,,,
[Settings],,,,,,,
,,,,,,,
,,,,,,,
Adapter,AATGATACGGCGACCACCGAGATCTACACTCTTTCCCTACACGACGCTCTTCCGATCT,,,,,,
AdapterRead2,CAAGCAGAAGACGGCATACGAGATCGGTCTCGGCATTCCTGCTGAACCGCTCTTCCGATCT,,,,,,
Read1UMILength,8,,,,,,,
Read1UMIStartFromCycle,154,161,,,,,,
,,,,,,,
[Data],,,,,,,
Sample_ID,Sample_Name,Description,I7_Index_ID,index,I5_Index_ID,index2,Sample_Project
Sample1-MRDBLOCKERSV2Recap,,,,CTGATCGT,,ATATGCGC,
Sample2-MRDBLOCKERSV2Recap,,,,ACTCTCGA,,TGGTACAG,
Sample3-MRDBLOCKERSV2Recap,,,,TGAGCTAG,,AACCGTTC,
Sample4-MRDBLOCKERSV2Recap,,,,GAGACGAT,,TAACCGGT,
Sample5-MRDBLOCKERSV2Recap,,,,CTTGTCGA,,GAACATCG,
Sample6-MRDBLOCKERSV2Recap,,,,TTCCAAGG,,CCTTGTAG,
Sample7-MRDBLOCKERSV2Recap,,,,CGCATGAT,,TCAGGCTT,
Smaple8-MRDBLOCKERSV2Recap,,,,ACGGAACA,,GTTCTCGT,
Sample9-MRDBLOCKERSV2Recap,,,,CGGCTAAT,,AGAACGAG,
Sample10-MRDBLOCKERSV2Recap,,,,ATCGATCG,,TGCTTCCA,
Sample11-MRDBLOCKERSV2Recap,,,,GCAAGATC,,CTTCGACT,
Sample12-MRDBLOCKERSV2Recap,,,,GCTATCCT,,CACCTGTT,
